{"reload_token": "final", "data": {"markdown_030650": {"type": "markdown", "source": "## Evaluation\n- dataset: `nfcorpus` split: `test`\n- embeddings_version: `293971f1e8b8`\n- bm25: `artifacts/bm25/nfcorpus_bm25.pkl`\n- emb_dir: `artifacts/faiss/nfcorpus_sentence-transformers_paraphrase-multilingual-MiniLM-L12-v2`\n\n### metrics.json\n```json\n{\n  \"k\": 10,\n  \"split\": \"movielens/test\",\n  \"diagnostics\": {\n    \"num_docs\": 9742,\n    \"num_queries\": 150,\n    \"has_ltr\": true,\n    \"embed_model\": \"sentence-transformers/all-MiniLM-L6-v2\",\n    \"candidate_k\": 200,\n    \"rerank_k\": 50,\n    \"alpha\": 0.5\n  },\n  \"methods\": [\n    {\n      \"method\": \"bm25\",\n      \"ndcg@10\": 0.6064944718128008,\n      \"map@10\": 0.12694844534170002,\n      \"recall@10\": 0.1618439242477083,\n      \"recall@100\": 0.1618439242477083,\n      \"num_queries\": 150.0,\n      \"oracle_ndcg@10\": 0.9689405641954014\n    },\n    {\n      \"method\": \"dense\",\n      \"ndcg@10\": 0.30306742049610996,\n      \"map@10\": 0.03221808334756934,\n      \"recall@10\": 0.05228483852329557,\n      \"recall@100\": 0.05228483852329557,\n      \"num_queries\": 150.0,\n      \"oracle_ndcg@10\": 0.7180399535978346\n    },\n    {\n      \"method\": \"hybrid\",\n      \"ndcg@10\": 0.47235384543195874,\n      \"map@10\": 0.07116067666022885,\n      \"recall@10\": 0.0996864406064435,\n      \"recall@100\": 0.0996864406064435,\n      \"num_queries\": 150.0,\n      \"oracle_ndcg@10\": 0.9392170370709524\n    },\n    {\n      \"method\": \"hybrid_ltr\",\n      \"ndcg@10\": 0.7914850769875104,\n      \"map@10\": 0.18736825575973626,\n      \"recall@10\": 0.18768322820567923,\n      \"recall@100\": 0.18768322820567923,\n      \"num_queries\": 150.0,\n      \"oracle_ndcg@10\": 0.7954984480830585\n    }\n  ]\n}\n```", "id": "markdown_030650"}}, "created_on": 1770706407.4265358}