{
  "pipeline_timings_ms": {
    "data": 1083.0904169997666,
    "bm25": 442.2052080044523,
    "dense": 31587.094250004156,
    "eval": 10990.37524999585
  }
}