{
  "endpoint": "/search",
  "n": 200,
  "concurrency": 20,
  "timeout_s": 10.0,
  "ok": 200,
  "fail": 0,
  "success_rate": 1.0,
  "p50_ms": 34.49929199996404,
  "p95_ms": 143.8644590016338,
  "p99_ms": 165.31620799651137,
  "mean_ms": 49.22712829975353
}