{
  "endpoint": "/search",
  "n": 200,
  "concurrency": 20,
  "timeout_s": 10.0,
  "ok": 200,
  "fail": 0,
  "success_rate": 1.0,
  "p50_ms": 193.52816700120457,
  "p95_ms": 263.6974590132013,
  "p99_ms": 296.4361250051297,
  "mean_ms": 197.2756097812089
}