{
  "endpoint": "/search",
  "n": 200,
  "concurrency": 20,
  "timeout_s": 10.0,
  "ok": 200,
  "fail": 0,
  "success_rate": 1.0,
  "p50_ms": 123.85025003459305,
  "p95_ms": 306.1401250306517,
  "p99_ms": 322.7687499602325,
  "mean_ms": 139.26157208130462
}