{
  "k": 10,
  "split": "test",
  "diagnostics": {
    "num_docs": 9742,
    "num_queries": 150,
    "has_ltr": true,
    "ltr_path": "artifacts/ltr/movielens_ltr.pkl",
    "embed_model": "sentence-transformers/all-MiniLM-L6-v2",
    "bm25_candidate_k_max": 200,
    "dense_candidate_k_max": 200,
    "hybrid_alpha": 0.5,
    "hybrid_ltr_alpha": 0.5,
    "rerank_k": 50
  },
  "methods": [
    {
      "method": "bm25",
      "ndcg@10": 0.6064944718128008,
      "map@10": 0.12694844534170002,
      "recall@10": 0.1618439242477083,
      "recall@100": 0.1618439242477083,
      "num_queries": 150.0,
      "oracle_ndcg@10": 0.9689405641954014
    },
    {
      "method": "dense",
      "ndcg@10": 0.30306742049610996,
      "map@10": 0.03221808334756934,
      "recall@10": 0.05228483852329557,
      "recall@100": 0.05228483852329557,
      "num_queries": 150.0,
      "oracle_ndcg@10": 0.7180399535978346
    },
    {
      "method": "hybrid",
      "ndcg@10": 0.47560363511809023,
      "map@10": 0.07132817386865044,
      "recall@10": 0.0996864406064435,
      "recall@100": 0.0996864406064435,
      "num_queries": 150.0,
      "oracle_ndcg@10": 0.973469476981482
    },
    {
      "method": "hybrid_ltr",
      "ndcg@10": 0.7505900132592328,
      "map@10": 0.17977223974943823,
      "recall@10": 0.18598815009750536,
      "recall@100": 0.18598815009750536,
      "num_queries": 150.0,
      "oracle_ndcg@10": 0.973469476981482
    }
  ]
}