{
  "k": 10,
  "split": "movielens/test",
  "diagnostics": {
    "num_docs": 9742,
    "num_queries": 150,
    "has_ltr": true,
    "embed_model": "sentence-transformers/all-MiniLM-L6-v2",
    "candidate_k": 200,
    "rerank_k": 50,
    "alpha": 0.5
  },
  "methods": [
    {
      "method": "bm25",
      "ndcg@10": 0.6064944718128008,
      "map@10": 0.12694844534170002,
      "recall@10": 0.1618439242477083,
      "recall@100": 0.1618439242477083,
      "num_queries": 150.0,
      "oracle_ndcg@10": 0.9689405641954014
    },
    {
      "method": "dense",
      "ndcg@10": 0.30306742049610996,
      "map@10": 0.03221808334756934,
      "recall@10": 0.05228483852329557,
      "recall@100": 0.05228483852329557,
      "num_queries": 150.0,
      "oracle_ndcg@10": 0.7180399535978346
    },
    {
      "method": "hybrid",
      "ndcg@10": 0.47461451928947973,
      "map@10": 0.07162421231848239,
      "recall@10": 0.0996864406064435,
      "recall@100": 0.0996864406064435,
      "num_queries": 150.0,
      "oracle_ndcg@10": 0.9384599275246783
    },
    {
      "method": "hybrid_ltr",
      "ndcg@10": 0.7914850769875104,
      "map@10": 0.18736825575973626,
      "recall@10": 0.18768322820567923,
      "recall@100": 0.18768322820567923,
      "num_queries": 150.0,
      "oracle_ndcg@10": 0.7954984480830585
    }
  ]
}