{
  "endpoint": "/search",
  "n": 50,
  "concurrency": 10,
  "timeout_s": 10.0,
  "ok": 50,
  "fail": 0,
  "success_rate": 1.0,
  "p50_ms": 24.870625005860347,
  "p95_ms": 153.73524999449728,
  "p99_ms": 154.31341599469306,
  "mean_ms": 49.87120160047198
}