{
  "k": 10,
  "split": "test",
  "diagnostics": {
    "num_docs": 3633,
    "num_queries": 323,
    "has_ltr": false,
    "embed_model": "paraphrase-multilingual-MiniLM-L12-v2",
    "candidate_k": 200,
    "rerank_k": 50,
    "alpha": 0.5
  },
  "methods": [
    {
      "method": "bm25",
      "ndcg@10": 0.30732187754258194,
      "map@10": 0.11747799839874298,
      "recall@10": 0.14863399056285728,
      "recall@100": 0.14863399056285728,
      "num_queries": 323.0,
      "oracle_ndcg@10": 0.561848891645064
    },
    {
      "method": "dense",
      "ndcg@10": 0.2389937255375087,
      "map@10": 0.06905730131225486,
      "recall@10": 0.10372945950630291,
      "recall@100": 0.10372945950630291,
      "num_queries": 323.0,
      "oracle_ndcg@10": 0.6318936939056746
    },
    {
      "method": "hybrid",
      "ndcg@10": 0.3195795551526915,
      "map@10": 0.1167357938332208,
      "recall@10": 0.15361016766008484,
      "recall@100": 0.15361016766008484,
      "num_queries": 323.0,
      "oracle_ndcg@10": 0.6720794206625509
    },
    {
      "method": "hybrid_ltr",
      "ndcg@10": 0.3195795551526915,
      "map@10": 0.1167357938332208,
      "recall@10": 0.15361016766008484,
      "recall@100": 0.15361016766008484,
      "num_queries": 323.0,
      "oracle_ndcg@10": 0.6720794206625509
    }
  ]
}